公司代號,公司名稱,市場別
1101,臺灣水泥股份有限公司,TWSE
1102,亞洲水泥股份有限公司,TWSE
1103,嘉新水泥股份有限公司,TWSE
1104,環球水泥股份有限公司,TWSE
1108,幸福水泥股份有限公司,TWSE
1109,信大水泥股份有限公司,TWSE
1110,東南水泥股份有限公司,TWSE
1201,味全食品工業股份有限公司,TWSE
1203,味王股份有限公司,TWSE
1210,大成長城企業股份有限公司,TWSE
1213,大西洋飲料股份有限公司,TWSE
1215,台灣卜蜂企業股份有限公司,TWSE
1216,統一企業股份有限公司,TWSE
1217,愛之味股份有限公司,TWSE
1218,泰山企業股份有限公司,TWSE
1219,福壽實業股份有限公司,TWSE
1220,台榮產業股份有限公司,TWSE
1225,福懋油脂股份有限公司,TWSE
1227,佳格食品股份有限公司,TWSE
1229,聯華實業控股股份有限公司,TWSE
1231,聯華食品工業股份有限公司,TWSE
1232,大統益股份有限公司,TWSE
1233,天仁茶業股份有限公司,TWSE
1234,黑松股份有限公司,TWSE
1235,興泰實業股份有限公司,TWSE
1236,宏亞食品股份有限公司,TWSE
1256,鮮活控股股份有限公司,TWSE
1301,台灣塑膠工業股份有限公司,TWSE
1303,南亞塑膠工業股份有限公司,TWSE
1304,台灣聚合化學品股份有限公司,TWSE
1305,華夏海灣塑膠股份有限公司,TWSE
1307,三芳化學工業股份有限公司,TWSE
1308,亞洲聚合股份有限公司,TWSE
1309,台達化學工業股份有限公司,TWSE
1310,台灣苯乙烯工業股份有限公司,TWSE
1312,國喬石油化學股份有限公司,TWSE
1313,聯成化學科技股份有限公司,TWSE
1314,中國石油化學工業開發(股)公司,TWSE
1315,達新工業股份有限公司,TWSE
1316,上曜建設開發股份有限公司,TWSE
1319,東陽實業廠股份有限公司,TWSE
1321,大洋塑膠工業股份有限公司,TWSE
1323,永裕塑膠工業股份有限公司,TWSE
1324,地球綜合工業股份有限公司,TWSE
1325,恒大股份有限公司,TWSE
1326,台灣化學纖維股份有限公司,TWSE
1337,亞洲塑膠再生資源控股有限公司,TWSE
1338,廣華控股有限公司,TWSE
1339,昭輝實業股份有限公司,TWSE
1340,勝悅新材料有限公司,TWSE
1341,富林塑膠工業(開曼)控股(股)公司,TWSE
1342,八貫企業股份有限公司,TWSE
1402,遠東新世紀股份有限公司,TWSE
1409,新光合成纖維股份有限公司,TWSE
1410,南洋染整股份有限公司,TWSE
1413,宏洲纖維工業股份有限公司,TWSE
1414,東和紡織股份有限公司,TWSE
1416,廣豐實業股份有限公司,TWSE
1417,嘉裕股份有限公司,TWSE
1418,東華龍股份有限公司,TWSE
1419,新光紡織股份有限公司,TWSE
1423,利華羊毛工業股份有限公司,TWSE
1432,大魯閣實業股份有限公司,TWSE
1434,福懋興業股份有限公司,TWSE
1435,中福國際(股)公司,TWSE
1436,華友聯開發股份有限公司,TWSE
1437,勤益投資控股股份有限公司,TWSE
1438,三地開發地產股份有限公司,TWSE
1439,雋揚國際股份有限公司,TWSE
1440,臺南紡織股份有限公司,TWSE
1441,大東紡織股份有限公司,TWSE
1442,名軒開發股份有限公司,TWSE
1443,立益物流開發股份有限公司,TWSE
1444,力麗企業股份有限公司,TWSE
1445,大宇紡織股份有限公司,TWSE
1446,宏和精密紡織股份有限公司,TWSE
1447,力鵬企業股份有限公司,TWSE
1449,佳和實業股份有限公司,TWSE
1451,年興紡織股份有限公司,TWSE
1452,宏益纖維工業股份有限公司,TWSE
1453,大將開發股份有限公司,TWSE
1454,台灣富綢纖維股份有限公司,TWSE
1455,集盛實業股份有限公司,TWSE
1456,怡華實業股份有限公司,TWSE
1457,宜進實業股份有限公司,TWSE
1459,聯發紡織纖維股份有限公司,TWSE
1460,宏遠興業股份有限公司,TWSE
1463,強盛新股份有限公司,TWSE
1464,得力實業股份有限公司,TWSE
1465,偉全實業股份有限公司,TWSE
1466,聚隆纖維股份有限公司,TWSE
1467,南緯實業股份有限公司,TWSE
1468,昶和纖維興業股份有限公司,TWSE
1470,大統新創股份有限公司,TWSE
1471,首利實業股份有限公司,TWSE
1472,三洋實業股份有限公司,TWSE
1473,台南企業股份有限公司,TWSE
1474,弘裕企業股份有限公司,TWSE
1475,台灣業旺股份有限公司,TWSE
1476,儒鴻企業股份有限公司,TWSE
1477,聚陽實業股份有限公司,TWSE
1503,士林電機廠股份有限公司,TWSE
1504,東元電機股份有限公司,TWSE
1506,正道工業股份有限公司,TWSE
1512,瑞利企業股份有限公司,TWSE
1513,中興電工機械股份有限公司,TWSE
1514,亞力電機股份有限公司,TWSE
1515,力山工業股份有限公司,TWSE
1516,川飛能源股份有限公司,TWSE
1517,利奇機械工業股份有限公司,TWSE
1519,華城電機股份有限公司,TWSE
1521,大億交通工業製造股份有限公司,TWSE
1522,堤維西交通工業股份有限公司,TWSE
1524,耿鼎企業股份有限公司,TWSE
1525,江申工業股份有限公司,TWSE
1526,日馳企業股份有限公司,TWSE
1527,鑽全實業股份有限公司,TWSE
1528,恩德科技股份有限公司,TWSE
1529,樂事綠能科技股份有限公司,TWSE
1530,亞崴機電股份有限公司,TWSE
1531,高林股份有限公司,TWSE
1532,勤美股份有限公司,TWSE
1533,車王電子股份有限公司,TWSE
1535,中宇環保工程股份有限公司,TWSE
1536,和大工業股份有限公司,TWSE
1537,廣隆光電科技股份有限公司,TWSE
1538,正峰工業股份有限公司,TWSE
1539,巨庭機械股份有限公司,TWSE
1540,喬福機械工業股份有限公司,TWSE
1541,錩泰工業股份有限公司,TWSE
1558,伸興工業股份有限公司,TWSE
1560,中國砂輪企業股份有限公司,TWSE
1563,巧新科技工業股份有限公司,TWSE
1568,倉佑實業股份有限公司,TWSE
1582,信錦企業股份有限公司,TWSE
1583,程泰機械股份有限公司,TWSE
1587,吉茂精密股份有限公司,TWSE
1589,永冠能源科技集團有限公司,TWSE
1590,亞德客國際集團,TWSE
1597,直得科技股份有限公司,TWSE
1598,岱宇國際股份有限公司,TWSE
1603,中華電線電纜股份有限公司,TWSE
1604,聲寶股份有限公司,TWSE
1605,華新麗華股份有限公司,TWSE
1608,華榮電線電纜股份有限公司,TWSE
1609,大亞電線電纜股份有限公司,TWSE
1611,中國電器股份有限公司,TWSE
1612,宏泰電工股份有限公司,TWSE
1614,台灣三洋電機股份有限公司,TWSE
1615,大山電線電纜股份有限公司,TWSE
1616,億泰電線電纜股份有限公司,TWSE
1617,榮星電線工業股份有限公司,TWSE
1618,合機電線電纜股份有限公司,TWSE
1626,艾美特(開曼)國際有限公司,TWSE
1702,南僑投資控股股份有限公司,TWSE
1707,葡萄王生技股份有限公司,TWSE
1708,東南實業股份有限公司,TWSE
1709,和益化學工業股份有限公司,TWSE
1710,東聯化學股份有限公司,TWSE
1711,臺灣永光化學工業股份有限公司,TWSE
1712,興農股份有限公司,TWSE
1713,國泰化工廠股份有限公司,TWSE
1714,和桐化學股份有限公司,TWSE
1717,長興材料工業股份有限公司,TWSE
1718,中國人造纖維股份有限公司,TWSE
1720,生達化學製藥股份有限公司,TWSE
1721,三晃股份有限公司,TWSE
1722,台灣肥料股份有限公司,TWSE
1723,中鋼碳素化學股份有限公司,TWSE
1725,元禎企業股份有限公司,TWSE
1726,永記造漆工業股份有限公司,TWSE
1727,臺灣中華化學工業股份有限公司,TWSE
1730,花仙子企業股份有限公司,TWSE
1731,美吾華股份有限公司,TWSE
1732,毛寶股份有限公司,TWSE
1733,五鼎生物技術股份有限公司,TWSE
1734,杏輝藥品工業股份有限公司,TWSE
1735,日勝化工股份有限公司,TWSE
1736,喬山健康科技股份有限公司,TWSE
1737,臺鹽實業股份有限公司,TWSE
1752,南光化學製藥股份有限公司,TWSE
1760,寶齡富錦生技股份有限公司,TWSE
1762,中化合成生技股份有限公司,TWSE
1773,勝一化工股份有限公司,TWSE
1776,展宇科技材料股份有限公司,TWSE
1783,和康生物科技股份有限公司,TWSE
1786,科妍生物科技股份有限公司,TWSE
1789,台灣神隆股份有限公司,TWSE
1795,美時化學製藥股份有限公司,TWSE
1802,台灣玻璃工業股份有限公司,TWSE
1805,寶徠建設股份有限公司,TWSE
1806,冠軍建材股份有限公司,TWSE
1808,潤隆建設股份有限公司,TWSE
1809,中國製釉股份有限公司,TWSE
1810,和成欣業股份有限公司,TWSE
1817,凱撒衛浴股份有限公司,TWSE
1903,士林紙業股份有限公司,TWSE
1904,正隆股份有限公司,TWSE
1905,中華紙漿股份有限公司,TWSE
1906,寶隆國際股份有限公司,TWSE
1907,永豐餘投資控股股份有限公司,TWSE
1909,榮成紙業股份有限公司,TWSE
2002,中國鋼鐵股份有限公司,TWSE
2006,東和鋼鐵企業股份有限公司,TWSE
2007,燁興企業股份有限公司,TWSE
2008,高興昌鋼鐵股份有限公司,TWSE
2009,第一伸銅科技股份有限公司,TWSE
2010,春源鋼鐵工業股份有限公司,TWSE
2012,春雨工廠股份有限公司,TWSE
2013,中國鋼鐵結構股份有限公司,TWSE
2014,中鴻鋼鐵股份有限公司,TWSE
2015,豐興鋼鐵股份有限公司,TWSE
2017,官田鋼鐵股份有限公司,TWSE
2020,美亞鋼管廠股份有限公司,TWSE
2022,聚亨企業股份有限公司,TWSE
2023,燁輝企業股份有限公司,TWSE
2024,志聯工業股份有限公司,TWSE
2025,千興不銹鋼(股)公司,TWSE
2027,大成不銹鋼工業股份有限公司,TWSE
2028,威致鋼鐵工業股份有限公司,TWSE
2029,盛餘股份有限公司,TWSE
2030,彰源企業股份有限公司,TWSE
2031,新光鋼鐵股份有限公司,TWSE
2032,新鋼工業股份有限公司,TWSE
2033,佳大世界股份有限公司,TWSE
2034,允強實業股份有限公司,TWSE
2038,海光企業股份有限公司,TWSE
2049,上銀科技股份有限公司,TWSE
2059,川湖科技股份有限公司,TWSE
2062,橋椿金屬股份有限公司,TWSE
2069,運錩鋼鐵股份有限公司,TWSE
2101,南港輪胎股份有限公司,TWSE
2102,泰豐輪胎股份有限公司,TWSE
2103,台橡股份有限公司,TWSE
2104,國際中橡投資控股股份有限公司,TWSE
2105,正新橡膠工業股份有限公司,TWSE
2106,建大工業股份有限公司,TWSE
2107,厚生股份有限公司,TWSE
2108,南帝化學工業股份有限公司,TWSE
2109,華豐橡膠工業股份有限公司,TWSE
2114,鑫永銓股份有限公司,TWSE
2115,六暉控股股份有限公司,TWSE
2201,裕隆汽車製造股份有限公司,TWSE
2204,中華汽車工業股份有限公司,TWSE
2206,三陽工業股份有限公司,TWSE
2207,和泰汽車股份有限公司,TWSE
2208,台灣國際造船股份有限公司,TWSE
2211,長榮鋼鐵股份有限公司,TWSE
2227,裕隆日產汽車股份有限公司,TWSE
2228,劍麟股份有限公司,TWSE
2231,為升電裝工業股份有限公司,TWSE
2233,宇隆科技股份有限公司,TWSE
2236,百達精密工業股份有限公司,TWSE
2239,開曼英利工業股份有限公司,TWSE
2241,艾姆勒科技股份有限公司,TWSE
2243,宏旭控股股份有限公司,TWSE
2247,汎德永業汽車股份有限公司,TWSE
2248,華勝汽車電子股份有限公司,TWSE
2250,第一化成控股(開曼)股份有限公司,TWSE
2254,巨鎧精密工業股份有限公司,TWSE
2258,鴻華先進科技股份有限公司,TWSE
2301,光寶科技股份有限公司,TWSE
2302,麗正國際科技股份有限公司,TWSE
2303,聯華電子股份有限公司,TWSE
2305,全友電腦股份有限公司,TWSE
2308,台達電子工業股份有限公司,TWSE
2312,金寶電子工業股份有限公司,TWSE
2313,華通電腦股份有限公司,TWSE
2314,台揚科技股份有限公司,TWSE
2316,楠梓電子股份有限公司,TWSE
2317,鴻海精密工業股份有限公司,TWSE
2321,東訊股份有限公司,TWSE
2323,中環股份有限公司,TWSE
2324,仁寶電腦工業股份有限公司,TWSE
2327,國巨股份有限公司,TWSE
2328,廣宇科技股份有限公司,TWSE
2329,華泰電子股份有限公司,TWSE
2330,台灣積體電路製造股份有限公司,TWSE
2331,精英電腦股份有限公司,TWSE
2332,友訊科技股份有限公司,TWSE
2337,旺宏電子股份有限公司,TWSE
2338,台灣光罩股份有限公司,TWSE
2340,台亞半導體股份有限公司,TWSE
2342,台灣茂矽電子股份有限公司,TWSE
2344,華邦電子股份有限公司,TWSE
2345,智邦科技股份有限公司,TWSE
2347,聯強國際股份有限公司,TWSE
2348,海悅國際開發股份有限公司,TWSE
2349,錸德科技股份有限公司,TWSE
2351,順德工業股份有限公司,TWSE
2352,佳世達科技股份有限公司,TWSE
2353,宏碁股份有限公司,TWSE
2354,鴻準精密工業股份有限公司,TWSE
2355,敬鵬工業股份有限公司,TWSE
2356,英業達股份有限公司,TWSE
2357,華碩電腦股份有限公司,TWSE
2359,所羅門股份有限公司,TWSE
2360,致茂電子股份有限公司,TWSE
2362,藍天電腦股份有限公司,TWSE
2363,矽統科技股份有限公司,TWSE
2364,倫飛電腦實業股份有限公司,TWSE
2365,昆盈企業股份有限公司,TWSE
2367,燿華電子股份有限公司,TWSE
2368,金像電子(股)公司,TWSE
2369,菱生精密工業股份有限公司,TWSE
2371,大同股份有限公司,TWSE
2373,震旦行股份有限公司,TWSE
2374,佳能企業股份有限公司,TWSE
2375,凱美電機股份有限公司,TWSE
2376,技嘉科技股份有限公司,TWSE
2377,微星科技股份有限公司,TWSE
2379,瑞昱半導體股份有限公司,TWSE
2380,虹光精密工業股份有限公司,TWSE
2382,廣達電腦股份有限公司,TWSE
2383,台光電子材料股份有限公司,TWSE
2385,群光電子股份有限公司,TWSE
2387,精元電腦股份有限公司,TWSE
2388,威盛電子股份有限公司,TWSE
2390,云辰電子開發股份有限公司,TWSE
2392,正崴精密工業股份有限公司,TWSE
2393,億光電子工業股份有限公司,TWSE
2395,研華股份有限公司,TWSE
2397,友通資訊股份有限公司,TWSE
2399,映泰股份有限公司,TWSE
2401,凌陽科技股份有限公司,TWSE
2402,毅嘉科技股份有限公司,TWSE
2404,漢唐集成股份有限公司,TWSE
2405,輔信科技股份有限公司,TWSE
2406,國碩科技工業股份有限公司,TWSE
2408,南亞科技股份有限公司,TWSE
2409,友達光電股份有限公司,TWSE
2412,中華電信股份有限公司,TWSE
2413,環隆科技股份有限公司,TWSE
2414,精技電腦股份有限公司,TWSE
2415,錩新科技股份有限公司,TWSE
2417,圓剛科技股份有限公司,TWSE
2419,仲琦科技股份有限公司,TWSE
2420,新巨企業股份有限公司,TWSE
2421,建準電機工業股份有限公司,TWSE
2423,固緯電子實業股份有限公司,TWSE
2424,隴華電子股份有限公司,TWSE
2425,承啟科技股份有限公司,TWSE
2426,鼎元光電科技股份有限公司,TWSE
2427,三商電腦股份有限公司,TWSE
2428,興勤電子工業股份有限公司,TWSE
2429,銘旺科技股份有限公司,TWSE
2430,燦坤實業股份有限公司,TWSE
2431,聯昌電子企業股份有限公司,TWSE
2432,倚天酷碁股份有限公司,TWSE
2433,互盛股份有限公司,TWSE
2434,統懋半導體股份有限公司,TWSE
2436,偉詮電子股份有限公司,TWSE
2438,翔耀實業股份有限公司,TWSE
2439,美律實業股份有限公司,TWSE
2440,太空梭高傳真資訊科技(股)公司,TWSE
2441,超豐電子股份有限公司,TWSE
2442,新美齊股份有限公司,TWSE
2444,兆勁科技股份有限公司,TWSE
2449,京元電子股份有限公司,TWSE
2450,神腦國際企業股份有限公司,TWSE
2451,創見資訊股份有限公司,TWSE
2453,凌群電腦股份有限公司,TWSE
2454,聯發科技股份有限公司,TWSE
2455,全新光電科技股份有限公司,TWSE
2457,飛宏科技股份有限公司,TWSE
2458,義隆電子股份有限公司,TWSE
2459,敦吉科技股份有限公司,TWSE
2460,建通精密工業股份有限公司,TWSE
2461,光群雷射科技股份有限公司,TWSE
2462,台灣良得電子股份有限公司,TWSE
2464,盟立自動化股份有限公司,TWSE
2465,麗臺科技股份有限公司,TWSE
2466,冠西電子企業股份有限公司,TWSE
2467,志聖工業股份有限公司,TWSE
2468,華經資訊企業股份有限公司,TWSE
2471,資通電腦股份有限公司,TWSE
2472,立隆電子工業股份有限公司,TWSE
2474,可成科技股份有限公司,TWSE
2476,鉅祥企業股份有限公司,TWSE
2477,美隆工業股份有限公司,TWSE
2478,大毅科技股份有限公司,TWSE
2480,敦陽科技股份有限公司,TWSE
2481,強茂股份有限公司,TWSE
2482,連宇股份有限公司,TWSE
2483,百容電子股份有限公司,TWSE
2484,希華晶體科技股份有限公司,TWSE
2485,兆赫電子股份有限公司,TWSE
2486,一詮精密工業股份有限公司,TWSE
2488,漢平電子工業股份有限公司,TWSE
2489,瑞軒科技股份有限公司,TWSE
2491,吉祥全球實業股份有限公司,TWSE
2492,華新科技股份有限公司,TWSE
2493,揚博科技股份有限公司,TWSE
2495,普安科技股份有限公司,TWSE
2496,卓越成功股份有限公司,TWSE
2497,怡利電子工業股份有限公司,TWSE
2498,宏達國際電子股份有限公司,TWSE
2501,國泰建設股份有限公司,TWSE
2504,國產建材實業股份有限公司,TWSE
2505,國揚實業股份有限公司,TWSE
2506,太平洋建設股份有限公司,TWSE
2509,全坤建設開發股份有限公司,TWSE
2511,太子建設開發股份有限公司,TWSE
2514,龍邦國際興業股份有限公司,TWSE
2515,中華工程股份有限公司,TWSE
2516,新亞建設開發股份有限公司,TWSE
2520,冠德建設股份有限公司,TWSE
2524,京城建設股份有限公司,TWSE
2527,宏璟建設股份有限公司,TWSE
2528,皇普建設股份有限公司,TWSE
2530,大華建設股份有限公司,TWSE
2534,宏盛建設股份有限公司,TWSE
2535,達欣工程股份有限公司,TWSE
2536,宏普建設股份有限公司,TWSE
2537,聯上開發股份有限公司,TWSE
2538,基泰建設股份有限公司,TWSE
2539,櫻花建設股份有限公司,TWSE
2540,愛山林建設開發股份有限公司,TWSE
2542,興富發建設股份有限公司,TWSE
2543,皇昌營造股份有限公司,TWSE
2545,皇翔建設股份有限公司,TWSE
2546,根基營造股份有限公司,TWSE
2547,日勝生活科技股份有限公司,TWSE
2548,華固建設股份有限公司,TWSE
2597,潤弘精密工程事業股份有限公司,TWSE
2601,益航股份有限公司,TWSE
2603,長榮海運股份有限公司,TWSE
2605,新興航運股份有限公司,TWSE
2606,裕民航運股份有限公司,TWSE
2607,長榮國際儲運股份有限公司,TWSE
2608,嘉里大榮物流股份有限公司,TWSE
2609,陽明海運股份有限公司,TWSE
2610,中華航空股份有限公司,TWSE
2611,志信國際股份有限公司,TWSE
2612,中國航運股份有限公司,TWSE
2613,中國貨櫃運輸股份有限公司,TWSE
2614,東森國際股份有限公司,TWSE
2615,萬海航運股份有限公司,TWSE
2616,山隆通運股份有限公司,TWSE
2617,台灣航業股份有限公司,TWSE
2618,長榮航空股份有限公司,TWSE
2630,亞洲航空股份有限公司,TWSE
2633,台灣高速鐵路股份有限公司,TWSE
2634,漢翔航空工業股份有限公司,TWSE
2636,台驊國際控股股份有限公司,TWSE
2637,慧洋海運股份有限公司,TWSE
2642,台灣宅配通股份有限公司,TWSE
2645,長榮航太科技股份有限公司,TWSE
2646,星宇航空股份有限公司,TWSE
2701,萬華企業股份有限公司,TWSE
2702,華園飯店股份有限公司,TWSE
2704,國賓大飯店股份有限公司,TWSE
2705,六福開發股份有限公司,TWSE
2706,第一華僑大飯店股份有限公司,TWSE
2707,晶華國際酒店股份有限公司,TWSE
2712,遠雄悅來大飯店股份有限公司,TWSE
2722,夏都國際開發股份有限公司,TWSE
2723,開曼美食達人股份有限公司,TWSE
2727,王品餐飲股份有限公司,TWSE
2731,雄獅旅行社股份有限公司,TWSE
2739,寒舍餐旅管理顧問股份有限公司,TWSE
2748,雲品國際酒店股份有限公司,TWSE
2753,八方雲集國際股份有限公司,TWSE
2762,世界健身股份有限公司,TWSE
2801,彰化商業銀行股份有限公司,TWSE
2812,台中商業銀行股份有限公司,TWSE
2816,旺旺友聯產物保險股份有限公司,TWSE
2820,中華票券金融股份有限公司,TWSE
2832,台灣產物保險股份有限公司,TWSE
2834,臺灣中小企業銀行股份有限公司,TWSE
2836,高雄銀行股份有限公司,TWSE
2838,聯邦商業銀行股份有限公司,TWSE
2845,遠東國際商業銀行股份有限公司,TWSE
2849,安泰商業銀行股份有限公司,TWSE
2850,新光產物保險股份有限公司,TWSE
2851,中央再保險股份有限公司,TWSE
2852,第一產物保險股份有限公司,TWSE
2855,統一綜合證券股份有限公司,TWSE
2867,三商美邦人壽保險股份有限公司,TWSE
2880,華南金融控股股份有限公司,TWSE
2881,富邦金融控股股份有限公司,TWSE
2882,國泰金融控股股份有限公司,TWSE
2883,凱基金融控股股份有限公司,TWSE
2884,玉山金融控股股份有限公司,TWSE
2885,元大金融控股股份有限公司,TWSE
2886,兆豐金融控股股份有限公司,TWSE
2887,台新新光金融控股股份有限公司,TWSE
2889,國票金融控股股份有限公司,TWSE
2890,永豐金融控股股份有限公司,TWSE
2891,中國信託金融控股股份有限公司,TWSE
2892,第一金融控股股份有限公司,TWSE
2897,王道商業銀行股份有限公司,TWSE
2901,欣欣大眾市場股份有限公司,TWSE
2903,遠東百貨股份有限公司,TWSE
2904,匯僑股份有限公司,TWSE
2905,三商投資控股股份有限公司,TWSE
2906,高林實業股份有限公司,TWSE
2908,特力股份有限公司,TWSE
2910,統領百貨股份有限公司,TWSE
2911,麗嬰房股份有限公司,TWSE
2912,統一超商股份有限公司,TWSE
2913,台灣農林股份有限公司,TWSE
2915,潤泰全球股份有限公司,TWSE
2923,鼎固控股有限公司,TWSE
2929,淘帝國際控股有限公司,TWSE
2939,永邑國際集團股份有限公司,TWSE
2945,三商家購股份有限公司,TWSE
3002,歐格電子股份有限公司,TWSE
3003,健和興端子股份有限公司,TWSE
3004,豐達科技股份有限公司,TWSE
3005,神基控股股份有限公司,TWSE
3006,晶豪科技股份有限公司,TWSE
3008,大立光電股份有限公司,TWSE
3010,華立企業股份有限公司,TWSE
3011,今皓實業股份有限公司,TWSE
3013,晟銘電子科技股份有限公司,TWSE
3014,聯陽半導體股份有限公司,TWSE
3015,全漢企業股份有限公司,TWSE
3016,嘉晶電子股份有限公司,TWSE
3017,奇鋐科技股份有限公司,TWSE
3018,隆銘綠能科技工程股份有限公司,TWSE
3019,亞洲光學股份有限公司,TWSE
3021,鴻名企業股份有限公司,TWSE
3022,威強電工業電腦股份有限公司,TWSE
3023,信邦電子股份有限公司,TWSE
3024,憶聲電子股份有限公司,TWSE
3025,星通資訊股份有限公司,TWSE
3026,禾伸堂企業股份有限公司,TWSE
3027,盛達電業股份有限公司,TWSE
3028,增你強股份有限公司,TWSE
3029,零壹科技股份有限公司,TWSE
3030,德律科技股份有限公司,TWSE
3031,佰鴻工業股份有限公司,TWSE
3032,偉訓科技股份有限公司,TWSE
3033,威健實業股份有限公司,TWSE
3034,聯詠科技股份有限公司,TWSE
3035,智原科技股份有限公司,TWSE
3036,文曄科技股份有限公司,TWSE
3037,欣興電子股份有限公司,TWSE
3038,全台晶像股份有限公司,TWSE
3040,遠見科技股份有限公司,TWSE
3041,揚智科技股份有限公司,TWSE
3042,台灣晶技股份有限公司,TWSE
3043,科風股份有限公司,TWSE
3044,健鼎科技股份有限公司,TWSE
3045,台灣大哥大股份有限公司,TWSE
3046,建碁股份有限公司,TWSE
3047,訊舟科技股份有限公司,TWSE
3048,益登科技股份有限公司,TWSE
3049,精金科技股份有限公司,TWSE
3050,鈺德科技股份有限公司,TWSE
3051,力特光電科技股份有限公司,TWSE
3052,夆典科技開發股份有限公司,TWSE
3054,立萬利創新股份有限公司,TWSE
3055,蔚華科技股份有限公司,TWSE
3056,富華創新股份有限公司,TWSE
3057,喬鼎資訊股份有限公司,TWSE
3058,立德電子股份有限公司,TWSE
3059,華晶科技股份有限公司,TWSE
3060,銘異科技股份有限公司,TWSE
3062,建漢科技股份有限公司,TWSE
3090,日電貿股份有限公司,TWSE
3092,鴻碩精密電工股份有限公司,TWSE
3094,聯傑國際股份有限公司,TWSE
3130,一零四資訊科技股份有限公司,TWSE
3135,凌航科技股份有限公司,TWSE
3138,耀登科技股份有限公司,TWSE
3149,正達國際光電股份有限公司,TWSE
3150,鈺寶科技股份有限公司,TWSE
3164,景岳生物科技股份有限公司,TWSE
3167,大量科技股份有限公司,TWSE
3168,眾福科技股份有限公司,TWSE
3189,景碩科技股份有限公司,TWSE
3209,全科科技股份有限公司,TWSE
3229,晟鈦股份有限公司,TWSE
3231,緯創資通股份有限公司,TWSE
3257,虹冠電子工業股份有限公司,TWSE
3266,昇陽建設企業股份有限公司,TWSE
3296,勝德國際研發股份有限公司,TWSE
3305,昇貿科技股份有限公司,TWSE
3308,聯德電子股份有限公司,TWSE
3311,閎暉實業股份有限公司,TWSE
3312,弘憶國際股份有限公司,TWSE
3321,同泰電子科技股份有限公司,TWSE
3338,泰碩電子股份有限公司,TWSE
3346,麗清科技股份有限公司,TWSE
3356,奇偶科技股份有限公司,TWSE
3376,新日興股份有限公司,TWSE
3380,明泰科技股份有限公司,TWSE
3406,玉晶光電股份有限公司,TWSE
3413,京鼎精密科技股份有限公司,TWSE
3416,融程電訊股份有限公司,TWSE
3419,譁裕實業股份有限公司,TWSE
3432,台端興業股份有限公司,TWSE
3437,榮創能源科技股份有限公司,TWSE
3443,創意電子股份有限公司,TWSE
3447,展達通訊股份有限公司,TWSE
3450,聯鈞光電股份有限公司,TWSE
3454,晶睿通訊股份有限公司,TWSE
3481,群創光電股份有限公司,TWSE
3494,誠研科技股份有限公司,TWSE
3501,維熹科技股份有限公司,TWSE
3504,揚明光學股份有限公司,TWSE
3515,華擎科技股份有限公司,TWSE
3518,柏騰科技股份有限公司,TWSE
3528,安馳科技股份有限公司,TWSE
3530,晶相光電股份有限公司,TWSE
3532,台塑勝高科技股份有限公司,TWSE
3533,嘉澤端子工業股份有限公司,TWSE
3535,晶彩科技股份有限公司,TWSE
3543,州巧科技股份有限公司,TWSE
3545,敦泰電子股份有限公司,TWSE
3550,聯穎科技股份有限公司,TWSE
3557,嘉威生活股份有限公司,TWSE
3563,牧德科技股份有限公司,TWSE
3576,聯合再生能源股份有限公司,TWSE
3583,辛耘企業股份有限公司,TWSE
3588,通嘉科技股份有限公司,TWSE
3591,艾笛森光電股份有限公司,TWSE
3592,瑞鼎科技股份有限公司,TWSE
3593,力銘科技股份有限公司,TWSE
3596,智易科技股份有限公司,TWSE
3605,宏致電子股份有限公司,TWSE
3607,谷崧精密工業股份有限公司,TWSE
3617,碩天科技股份有限公司,TWSE
3622,洋華光電股份有限公司,TWSE
3645,達邁科技股份有限公司,TWSE
3652,精聯電子股份有限公司,TWSE
3653,健策精密工業股份有限公司,TWSE
3661,世芯電子股份有限公司,TWSE
3665,貿聯控股(BizLink Holding Inc.),TWSE
3669,圓展科技股份有限公司,TWSE
3673,"TPK Holding Co., Ltd.",TWSE
3679,新至陞科技股份有限公司,TWSE
3686,達能科技股份有限公司,TWSE
3694,海華科技股份有限公司,TWSE
3701,大眾全球投資控股股份有限公司,TWSE
3702,大聯大控股股份有限公司,TWSE
3703,欣陸投資控股股份有限公司,TWSE
3704,合勤投資控股股份有限公司,TWSE
3705,永信國際投資控股股份有限公司,TWSE
3706,神達控股股份有限公司,TWSE
3708,上緯國際投資控股股份有限公司,TWSE
3711,日月光投資控股股份有限公司,TWSE
3712,永崴投資控股股份有限公司,TWSE
3714,富采控股股份有限公司,TWSE
3715,定穎投資控股股份有限公司,TWSE
3716,中化控股股份有限公司,TWSE
3717,聯嘉光電投資控股股份有限公司,TWSE
4104,佳醫健康事業股份有限公司,TWSE
4106,雃博股份有限公司,TWSE
4108,懷特生技新藥股份有限公司,TWSE
4119,旭富製藥科技股份有限公司,TWSE
4133,亞諾法生技股份有限公司,TWSE
4137,麗豐股份有限公司,TWSE
4142,國光生物科技股份有限公司,TWSE
4148,全宇生技控股有限公司,TWSE
4155,訊映光電股份有限公司,TWSE
4164,承業生醫投資控股股份有限公司,TWSE
4190,佐登妮絲集團股份有限公司,TWSE
4306,炎洲股份有限公司,TWSE
4414,如興股份有限公司,TWSE
4426,利勤實業股份有限公司,TWSE
4438,廣越企業股份有限公司,TWSE
4439,冠星集團控股有限公司,TWSE
4440,宜新實業股份有限公司,TWSE
4441,振大環球股份有限公司,TWSE
4526,東台精機股份有限公司,TWSE
4532,瑞智精密股份有限公司,TWSE
4536,拓凱實業股份有限公司,TWSE
4540,全球傳動科技股份有限公司,TWSE
4545,銘鈺精密工業股份有限公司,TWSE
4551,智伸科技股份有限公司,TWSE
4552,力達控股有限公司,TWSE
4555,台灣氣立股份有限公司,TWSE
4557,永新控股股份有限公司,TWSE
4560,強信機械科技股份有限公司,TWSE
4562,穎漢科技股份有限公司,TWSE
4564,元翎精密工業股份有限公司,TWSE
4566,時碩工業股份有限公司,TWSE
4569,六方科技股份有限公司,TWSE
4571,鈞興機電國際股份有限公司,TWSE
4572,駐龍精密機械股份有限公司,TWSE
4576,大銀微系統股份有限公司,TWSE
4581,World Known MFG(Cayman)Limited,TWSE
4583,台灣精銳科技股份有限公司,TWSE
4585,達明機器人股份有限公司,TWSE
4588,玖鼎電力資訊股份有限公司,TWSE
4720,德淵企業股份有限公司,TWSE
4722,國精化學股份有限公司,TWSE
4736,泰博科技股份有限公司,TWSE
4737,華廣生技股份有限公司,TWSE
4739,康普材料科技股份有限公司,TWSE
4746,台耀化學股份有限公司,TWSE
4755,三福化工股份有限公司,TWSE
4763,濟南大自然新材料股份有限公司,TWSE
4764,雙鍵化工股份有限公司,TWSE
4766,南寶樹脂化學工廠股份有限公司,TWSE
4770,上品綜合工業股份有限公司,TWSE
4771,望隼科技股份有限公司,TWSE
4807,日成控股股份有限公司,TWSE
4904,遠傳電信股份有限公司,TWSE
4906,正文科技股份有限公司,TWSE
4912,聯德控股股份有限公司,TWSE
4915,致伸科技股份有限公司,TWSE
4916,事欣科技股份有限公司,TWSE
4919,新唐科技股份有限公司,TWSE
4927,泰鼎國際股份有限公司,TWSE
4930,燦星網通股份有限公司,TWSE
4934,太極能源科技股份有限公司,TWSE
4935,茂林光電科技(開曼)股份有限公司,TWSE
4938,和碩聯合科技股份有限公司,TWSE
4942,嘉彰股份有限公司,TWSE
4943,開曼康而富控股股份有限公司,TWSE
4949,有成精密股份有限公司,TWSE
4952,凌通科技股份有限公司,TWSE
4956,光鋐科技股份有限公司,TWSE
4958,臻鼎科技控股股份有限公司,TWSE
4960,誠美材料科技股份有限公司,TWSE
4961,天鈺科技股份有限公司,TWSE
4967,十銓科技股份有限公司,TWSE
4968,立積電子股份有限公司,TWSE
4976,佳凌科技股份有限公司,TWSE
4977,眾達科技股份有限公司,TWSE
4989,李長榮科技股份有限公司,TWSE
4994,傳奇網路遊戲股份有限公司,TWSE
4999,鑫禾科技股份有限公司,TWSE
5007,三星科技股份有限公司,TWSE
5203,訊連科技股份有限公司,TWSE
5215,科嘉(開曼)股份有限公司,TWSE
5222,全訊科技股份有限公司,TWSE
5225,東科控股股份有限公司,TWSE
5234,達興材料股份有限公司,TWSE
5243,乙盛精密工業股份有限公司,TWSE
5244,弘凱光電股份有限公司,TWSE
5258,虹堡科技股份有限公司,TWSE
5269,祥碩科技股份有限公司,TWSE
5283,禾聯碩股份有限公司,TWSE
5284,經寶精密控股股份有限公司,TWSE
5285,界霖科技股份有限公司,TWSE
5288,開曼商豐祥控股股份有限公司,TWSE
5292,華懋科技股份有限公司,TWSE
5306,桂盟國際股份有限公司,TWSE
5388,中磊電子股份有限公司,TWSE
5434,崇越科技股份有限公司,TWSE
5469,瀚宇博德股份有限公司,TWSE
5471,松翰科技股份有限公司,TWSE
5484,慧友電子股份有限公司,TWSE
5515,建國工程股份有限公司,TWSE
5519,隆大營建事業股份有限公司,TWSE
5521,工信工程股份有限公司,TWSE
5522,遠雄建設事業股份有限公司,TWSE
5525,順天建設股份有限公司,TWSE
5531,鄉林建設事業股份有限公司,TWSE
5533,皇鼎建設開發股份有限公司,TWSE
5534,長虹建設股份有限公司,TWSE
5538,開曼東明控股股份有限公司,TWSE
5546,永固集團股份有限公司,TWSE
5607,遠雄自貿港投資控股股份有限公司,TWSE
5608,四維航業股份有限公司,TWSE
5706,鳳凰國際旅行社股份有限公司,TWSE
5871,中租控股股份有限公司,TWSE
5876,上海商業儲蓄銀行股份有限公司,TWSE
5880,合作金庫金融控股股份有限公司,TWSE
5906,台南生活(開曼)股份有限公司,TWSE
5907,Grand Ocean RetailGroupLimited,TWSE
6005,群益金鼎證券股份有限公司,TWSE
6024,群益期貨股份有限公司,TWSE
6108,競國實業股份有限公司,TWSE
6112,邁達特數位股份有限公司,TWSE
6115,鎰勝工業股份有限公司,TWSE
6116,瀚宇彩晶股份有限公司,TWSE
6117,迎廣科技股份有限公司,TWSE
6120,達運精密工業股份有限公司,TWSE
6128,上福全球科技股份有限公司,TWSE
6133,金橋科技股份有限公司,TWSE
6136,富爾特科技股份有限公司,TWSE
6139,亞翔工程股份有限公司,TWSE
6141,柏承科技股份有限公司,TWSE
6142,友勁科技股份有限公司,TWSE
6152,百一電子股份有限公司,TWSE
6153,嘉聯益科技股份有限公司,TWSE
6155,鈞寶電子工業股份有限公司,TWSE
6164,華興電子工業股份有限公司,TWSE
6165,浪凡網路科技股份有限公司,TWSE
6166,凌華科技股份有限公司,TWSE
6168,宏齊科技股份有限公司,TWSE
6176,瑞儀光電股份有限公司,TWSE
6177,達麗建設事業股份有限公司,TWSE
6183,關貿網路股份有限公司,TWSE
6184,大豐有線電視股份有限公司,TWSE
6189,豐藝電子股份有限公司,TWSE
6191,精成科技股份有限公司,TWSE
6192,巨路國際股份有限公司,TWSE
6196,帆宣系統科技股份有限公司,TWSE
6197,佳必琪國際股份有限公司,TWSE
6201,亞弘電科技股份有限公司,TWSE
6202,盛群半導體股份有限公司,TWSE
6205,詮欣股份有限公司,TWSE
6206,飛捷科技股份有限公司,TWSE
6209,今國光學工業股份有限公司,TWSE
6213,聯茂電子股份有限公司,TWSE
6214,精誠資訊股份有限公司,TWSE
6215,和椿科技股份有限公司,TWSE
6216,居易科技股份有限公司,TWSE
6224,聚鼎科技股份有限公司,TWSE
6225,天瀚科技股份有限公司,TWSE
6226,光鼎電子股份有限公司,TWSE
6230,尼得科超眾科技股份有限公司,TWSE
6235,華孚科技股份有限公司,TWSE
6239,力成科技股份有限公司,TWSE
6243,迅杰科技股份有限公司,TWSE
6257,矽格股份有限公司,TWSE
6269,台郡科技股份有限公司,TWSE
6271,同欣電子工業股份有限公司,TWSE
6277,宏正自動科技股份有限公司,TWSE
6278,台灣表面黏著科技股份有限公司,TWSE
6281,全國電子股份有限公司,TWSE
6282,康舒科技股份有限公司,TWSE
6283,淳安電子股份有限公司,TWSE
6285,啟碁科技股份有限公司,TWSE
6405,悅城科技股份有限公司,TWSE
6409,旭隼科技股份有限公司,TWSE
6412,群光電能科技股份有限公司,TWSE
6414,樺漢科技股份有限公司,TWSE
6415,矽力杰股份有限公司,TWSE
6416,瑞祺電通股份有限公司,TWSE
6423,億而得微電子股份有限公司,TWSE
6426,統新光訊股份有限公司,TWSE
6431,光麗生技控股股份有限公司,TWSE
6438,迅得機械股份有限公司,TWSE
6442,光紅建聖股份有限公司,TWSE
6443,元晶太陽能科技股份有限公司,TWSE
6446,藥華醫藥股份有限公司,TWSE
6449,鈺邦科技股份有限公司,TWSE
6451,訊芯科技控股股份有限公司,TWSE
6456,GIS Holding Limited,TWSE
6464,台灣數位光訊科技股份有限公司,TWSE
6472,保瑞藥業股份有限公司,TWSE
6477,安集科技股份有限公司,TWSE
6491,晶碩光學股份有限公司,TWSE
6504,南六企業股份有限公司,TWSE
6505,台塑石化股份有限公司,TWSE
6515,穎崴科技股份有限公司,TWSE
6525,捷敏股份有限公司,TWSE
6526,達發科技股份有限公司,TWSE
6531,愛普科技股份有限公司,TWSE
6533,晶心科技股份有限公司,TWSE
6534,正瀚生技股份有限公司,TWSE
6541,泰福生技股份有限公司,TWSE
6550,北極星藥業集團股份有限公司,TWSE
6552,易華電子股份有限公司,TWSE
6558,興能高科技股份有限公司,TWSE
6573,虹揚發展科技股份有限公司,TWSE
6579,研揚科技股份有限公司,TWSE
6581,台灣鋼聯股份有限公司,TWSE
6582,申豐特用應材股份有限公司,TWSE
6585,鼎基先進材料股份有限公司,TWSE
6589,台康生技股份有限公司,TWSE
6591,動力科技股份有限公司,TWSE
6592,和潤企業股份有限公司,TWSE
6598,Applied BioCode Corporation,TWSE
6605,帝寶工業股份有限公司,TWSE
6606,建德工業股份有限公司,TWSE
6625,必應創造股份有限公司,TWSE
6641,基士德科技股份有限公司,TWSE
6645,金萬林企業股份有限公司,TWSE
6655,科定企業股份有限公司,TWSE
6657,華安醫學股份有限公司,TWSE
6658,聯策科技股份有限公司,TWSE
6666,羅麗芬控股股份有限公司,TWSE
6668,中揚光電股份有限公司,TWSE
6669,緯穎科技服務股份有限公司,TWSE
6670,復盛應用科技股份有限公司,TWSE
6671,三能集團控股股份有限公司,TWSE
6672,騰輝電子國際集團股份有限公司,TWSE
6674,鋐寶科技股份有限公司,TWSE
6689,伊雲谷數位科技股份有限公司,TWSE
6691,洋基工程股份有限公司,TWSE
6695,芯鼎科技股份有限公司,TWSE
6698,旭暉應用材料股份有限公司,TWSE
6706,惠特科技股份有限公司,TWSE
6715,嘉基科技股份有限公司,TWSE
6719,力智電子股份有限公司,TWSE
6742,澤米科技股份有限公司,TWSE
6743,安普新股份有限公司,TWSE
6753,龍德造船工業股份有限公司,TWSE
6754,匯僑室內裝修設計股份有限公司,TWSE
6756,威鋒電子股份有限公司,TWSE
6757,台灣虎航股份有限公司,TWSE
6768,志強國際企業股份有限公司,TWSE
6770,力晶積成電子製造股份有限公司,TWSE
6771,平和環保科技股份有限公司,TWSE
6776,展碁國際股份有限公司,TWSE
6781,"AES Holding Co., Ltd.",TWSE
6782,視陽光學股份有限公司,TWSE
6789,采鈺科技股份有限公司,TWSE
6790,永豐餘消費品實業股份有限公司,TWSE
6792,詠業科技股份有限公司,TWSE
6794,向榮生醫科技股份有限公司,TWSE
6796,晉弘科技股份有限公司,TWSE
6799,來頡科技股份有限公司,TWSE
6805,富世達股份有限公司,TWSE
6806,森崴能源股份有限公司,TWSE
6807,峰源集團股份有限公司,TWSE
6830,汎銓科技股份有限公司,TWSE
6834,天二科技股份有限公司,TWSE
6835,圓裕企業股份有限公司,TWSE
6838,台新藥股份有限公司,TWSE
6854,PlayNitride Inc.,TWSE
6861,睿生光電股份有限公司,TWSE
6862,三集瑞科技國際集團股份有限公司,TWSE
6863,Arizon RFID Technology,TWSE
6869,雲豹能源科技股份有限公司,TWSE
6873,泓德能源科技股份有限公司,TWSE
6885,全福生物科技股份有限公司,TWSE
6887,寶綠特資源再生工程股份有限公司,TWSE
6890,來億興業股份有限公司,TWSE
6901,鑽石生技投資股份有限公司,TWSE
6902,走著瞧股份有限公司,TWSE
6906,現觀科技股份有限公司,TWSE
6909,創控科技股份有限公司,TWSE
6914,阜爾運通股份有限公司,TWSE
6916,華凌光電股份有限公司,TWSE
6918,愛派司生技股份有限公司,TWSE
6919,康霈生技股份有限公司,TWSE
6923,中台資源科技股份有限公司,TWSE
6924,榮惠集團(開曼)股份有限公司,TWSE
6928,攸泰科技股份有限公司,TWSE
6931,青松健康股份有限公司,TWSE
6933,艾瑪斯科技控股股份有限公司,TWSE
6936,永鴻國際生技股份有限公司,TWSE
6937,天虹科技股份有限公司,TWSE
6944,兆聯實業股份有限公司,TWSE
6949,沛爾生技醫藥股份有限公司,TWSE
6951,青新環境工程股份有限公司,TWSE
6952,大武山牧場科技股份有限公司,TWSE
6955,邦睿生技股份有限公司,TWSE
6957,裕慶金屬股份有限公司,TWSE
6958,日盛台駿國際租賃股份有限公司,TWSE
6962,ITH Corporation,TWSE
6965,中傑投資控股股份有限公司,TWSE
6969,成信實業股份有限公司,TWSE
6988,威力暘電子股份有限公司,TWSE
6994,富威電力股份有限公司,TWSE
7610,聯友金屬科技股份有限公司,TWSE
7631,聚賢研發股份有限公司,TWSE
7705,三商餐飲股份有限公司,TWSE
7721,微程式資訊股份有限公司,TWSE
7722,連加網路商業股份有限公司,TWSE
7730,暉盛科技股份有限公司,TWSE
7732,金興精密工業股份有限公司,TWSE
7736,虎山實業股份有限公司,TWSE
7740,熙特爾新能源股份有限公司,TWSE
7749,意騰科技股份有限公司,TWSE
7750,新代科技股份有限公司,TWSE
7765,中華資安國際股份有限公司,TWSE
7780,大研生醫國際股份有限公司,TWSE
7788,松川精密股份有限公司,TWSE
7791,皇家可口股份有限公司,TWSE
7799,禾榮科技股份有限公司,TWSE
8011,台通光電股份有限公司,TWSE
8016,矽創電子股份有限公司,TWSE
8021,尖點科技股份有限公司,TWSE
8028,昇陽國際半導體股份有限公司,TWSE
8033,雷虎科技股份有限公司,TWSE
8039,台虹科技股份有限公司,TWSE
8045,達運光電股份有限公司,TWSE
8046,南亞電路板股份有限公司,TWSE
8070,長華電材股份有限公司,TWSE
8072,陞泰科技股份有限公司,TWSE
8081,致新科技股份有限公司,TWSE
8101,華冠通訊股份有限公司,TWSE
8103,瀚荃股份有限公司,TWSE
8104,錸寶科技股份有限公司,TWSE
8105,凌巨科技股份有限公司,TWSE
8110,華東科技股份有限公司,TWSE
8112,至上電子股份有限公司,TWSE
8114,振樺電子股份有限公司,TWSE
8131,福懋科技股份有限公司,TWSE
8150,南茂科技股份有限公司,TWSE
8162,微矽電子股份有限公司,TWSE
8163,達方電子股份有限公司,TWSE
8201,無敵科技股份有限公司,TWSE
8210,勤誠興業股份有限公司,TWSE
8213,志超科技股份有限公司,TWSE
8215,明基材料股份有限公司,TWSE
8222,寶一科技股份有限公司,TWSE
8249,菱光科技股份有限公司,TWSE
8261,富鼎先進電子股份有限公司,TWSE
8271,宇瞻科技股份有限公司,TWSE
8341,日友環保科技股份有限公司,TWSE
8367,建新國際股份有限公司,TWSE
8374,羅昇企業股份有限公司,TWSE
8404,百和興業股份有限公司(開曼),TWSE
8411,福貞控股股份有限公司,TWSE
8422,可寧衛股份有限公司,TWSE
8429,金麗集團控股有限公司,TWSE
8438,昶昕實業股份有限公司,TWSE
8442,威宏控股股份有限公司,TWSE
8443,阿瘦實業股份有限公司,TWSE
8454,富邦媒體科技股份有限公司,TWSE
8462,柏文健康事業股份有限公司,TWSE
8463,潤泰精密材料股份有限公司,TWSE
8464,億豐綜合工業股份有限公司,TWSE
8466,美吉吉國際股份有限公司,TWSE
8467,波力環球企業股份有限公司,TWSE
8473,山林水環境工程股份有限公司,TWSE
8476,台境企業股份有限公司,TWSE
8478,東哥企業股份有限公司,TWSE
8481,政伸企業股份有限公司,TWSE
8482,商億全球控股有限公司,TWSE
8487,愛爾達科技股份有限公司,TWSE
8488,吉源控股股份有限公司,TWSE
8499,鼎炫投資控股股份有限公司,TWSE
8926,台灣汽電共生股份有限公司,TWSE
8940,新天地國際實業股份有限公司,TWSE
8996,高力熱處理工業股份有限公司,TWSE
9103,美德向邦醫療國際股份有限公司,TWSE
910322,康師傅控股有限公司,TWSE
9105,泰金寶科技股份有限公司,TWSE
910861,神州數碼控股有限公司,TWSE
9110,越南製造加工出口控股有限公司,TWSE
911608,明輝環球企業有限公司,TWSE
911622,聚亨企業集團(泰國)大眾有限公司,TWSE
911868,同方友友控股有限公司,TWSE
912000,晨訊科技集團有限公司,TWSE
9136,巨騰國際控股有限公司,TWSE
9802,鈺齊國際股份有限公司,TWSE
9902,台火開發股份有限公司,TWSE
9904,寶成工業股份有限公司,TWSE
9905,大華金屬工業股份有限公司,TWSE
9906,欣巴巴事業股份有限公司,TWSE
9907,統一實業股份有限公司,TWSE
9908,大台北區瓦斯股份有限公司,TWSE
9910,豐泰企業股份有限公司,TWSE
9911,台灣櫻花股份有限公司,TWSE
9912,偉聯科技股份有限公司,TWSE
9914,美利達工業股份有限公司,TWSE
9917,中興保全科技股份有限公司,TWSE
9918,欣欣天然氣股份有限公司,TWSE
9919,康那香企業股份有限公司,TWSE
9921,巨大機械工業股份有限公司,TWSE
9924,台灣福興工業股份有限公司,TWSE
9925,台灣新光保全股份有限公司,TWSE
9926,新海瓦斯股份有限公司,TWSE
9927,泰銘實業股份有限公司,TWSE
9928,中國電視事業股份有限公司,TWSE
9929,秋雨創新股份有限公司,TWSE
9930,中聯資源股份有限公司,TWSE
9931,欣高石油氣股份有限公司,TWSE
9933,中鼎工程股份有限公司,TWSE
9934,成霖企業股份有限公司,TWSE
9935,慶豐富實業股份有限公司,TWSE
9937,全國加油站股份有限公司,TWSE
9938,台灣百和工業股份有限公司,TWSE
9939,宏全國際股份有限公司,TWSE
9940,信義房屋股份有限公司,TWSE
9941,裕融企業股份有限公司,TWSE
9942,茂順密封元件科技股份有限公司,TWSE
9943,好樂迪股份有限公司,TWSE
9944,新麗企業股份有限公司,TWSE
9945,潤泰創新國際股份有限公司,TWSE
9946,三發地產股份有限公司,TWSE
9955,佳龍科技工程股份有限公司,TWSE
9958,世紀鋼鐵結構股份有限公司,TWSE
